<?xml version="1.0" encoding="UTF-8" standalone="yes"?>
<addon 
    id="plugin.video.jworg" 
    name="jw.org audio/video browser" 
    version="00.00.01" 
    provider-name="Realtebo (mirkotebaldi@yahoo.it)">
    <requires>
        <import addon="xbmc.python" version="2.1.0"/>
    </requires>
    <extension point="xbmc.python.pluginsource" library="addon.py">
        <provides>
            video
        </provides>
    </extension>
    <extension point="xbmc.addon.metadata">
        <language />
        <platform>all</platform>
        <website>https://github.com/realtebo/plugin.video.jworg</website>
        <email>mirkotebaldi@yahoo.it</email>
        <license>GPL-2</license>
        <summary lang="it">
            Un semplice browser per i contenuti di jw.org
        </summary>
        <summary lang="en">
            A simple browser for jw.org media content
        </summary>
        <description lang="it">
            Scorri direttamente su xmbc i contenuti multimediali del sito jw.org.E' possibile configurare il plugin per accedere ai contenuti in una lingua diversa.Per ora sono supporati l'italiano e l'inglese[CR][CR]Bug? Idee? Vuoi che sia supportato un nuovo linguaggio? Apri una 'issue' a questo indirizzo:[CR]https://github.com/realtebo/plugin.video.jworg
        </description>
        <description lang="en">
            Browser on xmbc the media files provided by jw.org webiste.You can configure this plugin to access to multimedia in a different language.Actually supported: italian and english[CR][CR]Bug? Ideas? New languages? Open an issue here:[CR]https://github.com/realtebo/plugin.video.jworg
        </description>
    </extension>
</addon>

